sample_id,augmentation,property,original_pred,aug_pred,abs_diff
1559560345,rotate_90,Tg,32.23706952066725,46.59765131384863,14.360581793181382
1559560345,rotate_90,Density,1.1478979883459295,1.0788452275945777,0.0690527607513518
1559560345,rotate_90,FFV,0.35785007242314587,0.36339188149558305,0.005541809072437176
1559560345,rotate_90,Tc,0.13764566327393676,0.17444476694743136,0.03679910367349459
1559560345,rotate_90,Rg,13.992071157986905,17.349377299547896,3.3573061415609917
1559560345,rotate_180,Tg,32.23706952066725,20.159475454643772,12.077594066023476
1559560345,rotate_180,Density,1.1478979883459295,1.0894710222149346,0.05842696613099485
1559560345,rotate_180,FFV,0.35785007242314587,0.3621029471385443,0.004252874715398425
1559560345,rotate_180,Tc,0.13764566327393676,0.13905157531846046,0.0014059120445236994
1559560345,rotate_180,Rg,13.992071157986905,13.929881574422357,0.062189583564547846
1559560345,rotate_270,Tg,32.23706952066725,46.6939042128833,14.456834692216049
1559560345,rotate_270,Density,1.1478979883459295,1.085346034145407,0.0625519542005224
1559560345,rotate_270,FFV,0.35785007242314587,0.36115233097220995,0.0033022585490640743
1559560345,rotate_270,Tc,0.13764566327393676,0.20767072909427914,0.07002506582034237
1559560345,rotate_270,Rg,13.992071157986905,17.988286057949065,3.99621489996216
1559560345,flip_horizontal,Tg,32.23706952066725,40.38798023501916,8.150910714351909
1559560345,flip_horizontal,Density,1.1478979883459295,1.120967888960579,0.026930099385350514
1559560345,flip_horizontal,FFV,0.35785007242314587,0.355811143361186,0.002038929061959849
1559560345,flip_horizontal,Tc,0.13764566327393676,0.14222652022133558,0.00458085694739882
1559560345,flip_horizontal,Rg,13.992071157986905,14.192027297064715,0.19995613907781085
1559560345,flip_vertical,Tg,32.23706952066725,16.011946491917897,16.22512302874935
1559560345,flip_vertical,Density,1.1478979883459295,1.0960870662065876,0.05181092213934191
1559560345,flip_vertical,FFV,0.35785007242314587,0.36326476587563156,0.005414693452485686
1559560345,flip_vertical,Tc,0.13764566327393676,0.13925910695274232,0.0016134436788055595
1559560345,flip_vertical,Rg,13.992071157986905,13.901682456527027,0.09038870145987765
1245265865,rotate_90,Tg,172.06786654538865,163.82133255043777,8.24653399495088
1245265865,rotate_90,Density,0.9884554029610408,1.0426283039234072,0.05417290096236638
1245265865,rotate_90,FFV,0.38626036374176304,0.372688493113971,0.013571870627792026
1245265865,rotate_90,Tc,0.21701157834126597,0.21333531668034453,0.0036762616609214427
1245265865,rotate_90,Rg,15.391603465181174,17.800222204041795,2.4086187388606213
1245265865,rotate_180,Tg,172.06786654538865,163.2144063391457,8.853460206242943
1245265865,rotate_180,Density,0.9884554029610408,0.9762966414011327,0.012158761559908138
1245265865,rotate_180,FFV,0.38626036374176304,0.38206341259331145,0.004196951148451589
1245265865,rotate_180,Tc,0.21701157834126597,0.17966401937537432,0.03734755896589165
1245265865,rotate_180,Rg,15.391603465181174,14.309292601943074,1.0823108632380993
1245265865,rotate_270,Tg,172.06786654538865,169.12674585094888,2.9411206944397748
1245265865,rotate_270,Density,0.9884554029610408,1.0524817266988922,0.06402632373785133
1245265865,rotate_270,FFV,0.38626036374176304,0.3937872086326609,0.007526844890897888
1245265865,rotate_270,Tc,0.21701157834126597,0.23272256937854713,0.015710991037281158
1245265865,rotate_270,Rg,15.391603465181174,17.546940396015394,2.1553369308342205
1245265865,flip_horizontal,Tg,172.06786654538865,173.97017077277604,1.9023042273873898
1245265865,flip_horizontal,Density,0.9884554029610408,0.9698555724224868,0.018599830538554074
1245265865,flip_horizontal,FFV,0.38626036374176304,0.38569433142697107,0.0005660323147919644
1245265865,flip_horizontal,Tc,0.21701157834126597,0.20710367623780188,0.009907902103464095
1245265865,flip_horizontal,Rg,15.391603465181174,14.702914301165842,0.6886891640153312
1245265865,flip_vertical,Tg,172.06786654538865,170.85671309184872,1.2111534535399358
1245265865,flip_vertical,Density,0.9884554029610408,0.9851596199396593,0.0032957830213815598
1245265865,flip_vertical,FFV,0.38626036374176304,0.3885021577941695,0.002241794052406487
1245265865,flip_vertical,Tc,0.21701157834126597,0.18631575783330812,0.030695820507957855
1245265865,flip_vertical,Rg,15.391603465181174,14.607768674491206,0.7838347906899674
1017786656,rotate_90,Tg,189.52283511573546,173.032807611737,16.490027503998448
1017786656,rotate_90,Density,0.657126147611374,0.6851429456569404,0.02801679804556645
1017786656,rotate_90,FFV,0.36294436322315227,0.36367233859665615,0.0007279753735038863
1017786656,rotate_90,Tc,0.35717833007879163,0.3382622207537188,0.018916109325072816
1017786656,rotate_90,Rg,16.95129851149905,17.08917080268904,0.13787229118998923
1017786656,rotate_180,Tg,189.52283511573546,186.75261505830952,2.770220057425945
1017786656,rotate_180,Density,0.657126147611374,0.6502767764957725,0.006849371115601466
1017786656,rotate_180,FFV,0.36294436322315227,0.3651801633446582,0.0022358001215059264
1017786656,rotate_180,Tc,0.35717833007879163,0.3511617014878959,0.006016628590895745
1017786656,rotate_180,Rg,16.95129851149905,15.657373980752151,1.2939245307468994
1017786656,rotate_270,Tg,189.52283511573546,194.638994780633,5.116159664897538
1017786656,rotate_270,Density,0.657126147611374,0.7474259326345445,0.09029978502317049
1017786656,rotate_270,FFV,0.36294436322315227,0.3702968163598378,0.007352453136685533
1017786656,rotate_270,Tc,0.35717833007879163,0.312738232916988,0.04444009716180364
1017786656,rotate_270,Rg,16.95129851149905,16.99444255584128,0.04314404434223107
1017786656,flip_horizontal,Tg,189.52283511573546,191.2992284482234,1.7763933324879417
1017786656,flip_horizontal,Density,0.657126147611374,0.6163233530229855,0.040802794588388536
1017786656,flip_horizontal,FFV,0.36294436322315227,0.36419164734261716,0.0012472841194648976
1017786656,flip_horizontal,Tc,0.35717833007879163,0.35401070453211236,0.0031676255466792647
1017786656,flip_horizontal,Rg,16.95129851149905,16.149241613184845,0.8020568983142056
1017786656,flip_vertical,Tg,189.52283511573546,203.6536452332906,14.130810117555143
1017786656,flip_vertical,Density,0.657126147611374,0.6587395405034389,0.0016133928920648577
1017786656,flip_vertical,FFV,0.36294436322315227,0.36794818946414354,0.0050038262409912715
1017786656,flip_vertical,Tc,0.35717833007879163,0.3636009447518064,0.006422614673014748
1017786656,flip_vertical,Rg,16.95129851149905,16.756613066268663,0.19468544523038744
2046736007,rotate_90,Tg,124.90890279067904,112.43840643255908,12.47049635811996
2046736007,rotate_90,Density,0.716069074833962,0.7889387013976854,0.07286962656372342
2046736007,rotate_90,FFV,0.33668613543894954,0.3582049231210478,0.02151878768209825
2046736007,rotate_90,Tc,0.33084928388381485,0.35263564351964544,0.021786359635830588
2046736007,rotate_90,Rg,12.83227615505633,16.742769495614084,3.9104933405577533
2046736007,rotate_180,Tg,124.90890279067904,117.48867960557945,7.420223185099587
2046736007,rotate_180,Density,0.716069074833962,0.8188484398030129,0.10277936496905093
2046736007,rotate_180,FFV,0.33668613543894954,0.35054766382744906,0.013861528388499522
2046736007,rotate_180,Tc,0.33084928388381485,0.28380051039978704,0.047048773484027806
2046736007,rotate_180,Rg,12.83227615505633,12.026901518812423,0.8053746362439078
2046736007,rotate_270,Tg,124.90890279067904,125.05239354461136,0.14349075393232624
2046736007,rotate_270,Density,0.716069074833962,0.8994048804246969,0.18333580559073492
2046736007,rotate_270,FFV,0.33668613543894954,0.36321279041847354,0.026526654979524
2046736007,rotate_270,Tc,0.33084928388381485,0.2847660646697229,0.046083219214091975
2046736007,rotate_270,Rg,12.83227615505633,14.044630294199337,1.212354139143006
2046736007,flip_horizontal,Tg,124.90890279067904,105.60079134641576,19.308111444263275
2046736007,flip_horizontal,Density,0.716069074833962,0.7300505498090901,0.013981474975128139
2046736007,flip_horizontal,FFV,0.33668613543894954,0.3394451216890253,0.0027589862500757567
2046736007,flip_horizontal,Tc,0.33084928388381485,0.33857460920240495,0.007725325318590104
2046736007,flip_horizontal,Rg,12.83227615505633,13.124423315768302,0.29214716071197167
2046736007,flip_vertical,Tg,124.90890279067904,126.30061442843348,1.3917116377544403
2046736007,flip_vertical,Density,0.716069074833962,0.8864589575849962,0.17038988275103417
2046736007,flip_vertical,FFV,0.33668613543894954,0.353442028937807,0.016755893498857477
2046736007,flip_vertical,Tc,0.33084928388381485,0.26578167937903363,0.06506760450478122
2046736007,flip_vertical,Rg,12.83227615505633,12.675534423237293,0.1567417318190376
231567628,rotate_90,Tg,70.06198380787397,81.53592454262449,11.473940734750514
231567628,rotate_90,Density,1.1128466645521702,1.145252297983633,0.032405633431462855
231567628,rotate_90,FFV,0.35254156062394826,0.36721698383790347,0.014675423213955208
231567628,rotate_90,Tc,0.16446055265428755,0.19466157566113582,0.030201023006848265
231567628,rotate_90,Rg,13.069788726198558,18.884061401098055,5.814272674899497
231567628,rotate_180,Tg,70.06198380787397,26.58737308748805,43.474610720385925
231567628,rotate_180,Density,1.1128466645521702,1.1202789472703467,0.0074322827181765305
231567628,rotate_180,FFV,0.35254156062394826,0.3601948115499843,0.007653250926036026
231567628,rotate_180,Tc,0.16446055265428755,0.1513967612059413,0.01306379144834624
231567628,rotate_180,Rg,13.069788726198558,13.581629324505744,0.5118405983071863
231567628,rotate_270,Tg,70.06198380787397,49.41707972139939,20.644904086474583
231567628,rotate_270,Density,1.1128466645521702,1.1698014699597632,0.05695480540759301
231567628,rotate_270,FFV,0.35254156062394826,0.3681624326767034,0.015620872052755141
231567628,rotate_270,Tc,0.16446055265428755,0.16301312295382606,0.0014474297004614944
231567628,rotate_270,Rg,13.069788726198558,17.99307247800512,4.923283751806563
231567628,flip_horizontal,Tg,70.06198380787397,57.65130171578441,12.410682092089559
231567628,flip_horizontal,Density,1.1128466645521702,1.106579638589516,0.006267025962654271
231567628,flip_horizontal,FFV,0.35254156062394826,0.35281976946558063,0.0002782088416323769
231567628,flip_horizontal,Tc,0.16446055265428755,0.16629571154033979,0.001835158886052235
231567628,flip_horizontal,Rg,13.069788726198558,12.979032230601396,0.09075649559716226
231567628,flip_vertical,Tg,70.06198380787397,41.45135576585998,28.610628042013992
231567628,flip_vertical,Density,1.1128466645521702,1.1200122638049743,0.0071655992528041335
231567628,flip_vertical,FFV,0.35254156062394826,0.3621500577816724,0.00960849715772416
231567628,flip_vertical,Tc,0.16446055265428755,0.15460568375413936,0.009854868900148195
231567628,flip_vertical,Rg,13.069788726198558,13.861568927335034,0.7917802011364756
244304146,rotate_90,Tg,255.82276200529742,224.64301457275934,31.17974743253808
244304146,rotate_90,Density,0.9745138079395831,0.97958714306899,0.005073335129406886
244304146,rotate_90,FFV,0.4043370327160579,0.3908421442290499,0.013494888487008028
244304146,rotate_90,Tc,0.19090139921924396,0.24410951703943473,0.053208117820190776
244304146,rotate_90,Rg,15.606965327503943,20.995019818195185,5.388054490691243
244304146,rotate_180,Tg,255.82276200529742,222.71230423390415,33.11045777139327
244304146,rotate_180,Density,0.9745138079395831,0.9964675850555679,0.021953777115984785
244304146,rotate_180,FFV,0.4043370327160579,0.39634530200132756,0.00799173071473036
244304146,rotate_180,Tc,0.19090139921924396,0.20201300538122685,0.011111606161982895
244304146,rotate_180,Rg,15.606965327503943,18.05943428780581,2.452468960301868
244304146,rotate_270,Tg,255.82276200529742,209.7276867438875,46.09507526140993
244304146,rotate_270,Density,0.9745138079395831,0.9823028380964296,0.00778903015684651
244304146,rotate_270,FFV,0.4043370327160579,0.3893657303079007,0.014971302408157194
244304146,rotate_270,Tc,0.19090139921924396,0.26813469928585804,0.07723330006661408
244304146,rotate_270,Rg,15.606965327503943,21.826376817272276,6.2194114897683335
244304146,flip_horizontal,Tg,255.82276200529742,274.93344293852806,19.11068093323064
244304146,flip_horizontal,Density,0.9745138079395831,0.9772921975114237,0.0027783895718406226
244304146,flip_horizontal,FFV,0.4043370327160579,0.4029872452460654,0.001349787469992536
244304146,flip_horizontal,Tc,0.19090139921924396,0.1800917082683342,0.01080969095090975
244304146,flip_horizontal,Rg,15.606965327503943,16.007940548574062,0.4009752210701194
244304146,flip_vertical,Tg,255.82276200529742,240.26874265768942,15.554019347608005
244304146,flip_vertical,Density,0.9745138079395831,0.9908832050345999,0.016369397095016835
244304146,flip_vertical,FFV,0.4043370327160579,0.3965985976571912,0.007738435058866733
244304146,flip_vertical,Tc,0.19090139921924396,0.20307727799648304,0.01217587877723908
244304146,flip_vertical,Rg,15.606965327503943,18.26219967504332,2.655234347539377
471232533,rotate_90,Tg,88.04999178740294,100.27828650057525,12.228294713172303
471232533,rotate_90,Density,0.9585519181116448,0.9763389251909469,0.017787007079302142
471232533,rotate_90,FFV,0.3993199229203719,0.39339194915137565,0.005927973768996231
471232533,rotate_90,Tc,0.2046665856110772,0.19325520368377927,0.011411381927297931
471232533,rotate_90,Rg,13.47927562726252,13.581298385018803,0.10202275775628245
471232533,rotate_180,Tg,88.04999178740294,93.0306630442551,4.980671256852162
471232533,rotate_180,Density,0.9585519181116448,0.9562039416076722,0.0023479765039725597
471232533,rotate_180,FFV,0.3993199229203719,0.3895746241183254,0.009745298802046498
471232533,rotate_180,Tc,0.2046665856110772,0.2098293179931025,0.0051627323820253035
471232533,rotate_180,Rg,13.47927562726252,14.32671516101323,0.847439533750709
471232533,rotate_270,Tg,88.04999178740294,91.77078229226183,3.7207905048588827
471232533,rotate_270,Density,0.9585519181116448,1.0066510556955712,0.04809913758392648
471232533,rotate_270,FFV,0.3993199229203719,0.39375501263306895,0.005564910287302938
471232533,rotate_270,Tc,0.2046665856110772,0.19690774409285242,0.007758841518224785
471232533,rotate_270,Rg,13.47927562726252,14.462115674307222,0.9828400470447018
471232533,flip_horizontal,Tg,88.04999178740294,109.31629011913614,21.266298331733196
471232533,flip_horizontal,Density,0.9585519181116448,0.9720319675128722,0.01348004940122749
471232533,flip_horizontal,FFV,0.3993199229203719,0.3992264869351697,9.343598520217267e-05
471232533,flip_horizontal,Tc,0.2046665856110772,0.20225946277310425,0.0024071228379729526
471232533,flip_horizontal,Rg,13.47927562726252,13.672371386640032,0.19309575937751156
471232533,flip_vertical,Tg,88.04999178740294,91.96645267740773,3.9164608900047853
471232533,flip_vertical,Density,0.9585519181116448,0.9492400319580451,0.00931188615359968
471232533,flip_vertical,FFV,0.3993199229203719,0.3866306646907176,0.012689258229654277
471232533,flip_vertical,Tc,0.2046665856110772,0.20610120275815716,0.0014346171470799585
471232533,flip_vertical,Rg,13.47927562726252,13.95024117390694,0.47096554664442003
2003333074,rotate_90,Tg,40.03824579605644,55.73943923204821,15.701193435991776
2003333074,rotate_90,Density,0.9004625013972541,0.878524844783066,0.021937656614188117
2003333074,rotate_90,FFV,0.37976441269421796,0.3578424847299891,0.02192192796422887
2003333074,rotate_90,Tc,0.3932120850476599,0.3730214294536182,0.020190655594041707
2003333074,rotate_90,Rg,22.215784399436878,19.36429471281793,2.8514896866189474
2003333074,rotate_180,Tg,40.03824579605644,38.24008944152608,1.7981563545303558
2003333074,rotate_180,Density,0.9004625013972541,0.9120972511540373,0.011634749756783136
2003333074,rotate_180,FFV,0.37976441269421796,0.3769849835641871,0.002779429130030875
2003333074,rotate_180,Tc,0.3932120850476599,0.3687615918081688,0.02445049323949111
2003333074,rotate_180,Rg,22.215784399436878,21.607521610713256,0.6082627887236214
2003333074,rotate_270,Tg,40.03824579605644,61.44540906707863,21.407163271022192
2003333074,rotate_270,Density,0.9004625013972541,0.9172263361259448,0.016763834728690696
2003333074,rotate_270,FFV,0.37976441269421796,0.3576352484539381,0.02212916424027983
2003333074,rotate_270,Tc,0.3932120850476599,0.3531399624243271,0.04007212262333282
2003333074,rotate_270,Rg,22.215784399436878,18.36801928272329,3.847765116713589
2003333074,flip_horizontal,Tg,40.03824579605644,41.83065963201449,1.792413835958051
2003333074,flip_horizontal,Density,0.9004625013972541,0.8992037997753842,0.0012587016218699176
2003333074,flip_horizontal,FFV,0.37976441269421796,0.37914006742158657,0.0006243452726313881
2003333074,flip_horizontal,Tc,0.3932120850476599,0.3918237535445469,0.0013883315031130161
2003333074,flip_horizontal,Rg,22.215784399436878,22.239848503538497,0.024064104101618966
2003333074,flip_vertical,Tg,40.03824579605644,39.32669630563823,0.7115494904182071
2003333074,flip_vertical,Density,0.9004625013972541,0.9154105362633285,0.014948034866074322
2003333074,flip_vertical,FFV,0.37976441269421796,0.37612604275426315,0.003638369939954811
2003333074,flip_vertical,Tc,0.3932120850476599,0.36355555665455197,0.02965652839310795
2003333074,flip_vertical,Rg,22.215784399436878,21.513274098213778,0.7025103012231
1892682102,rotate_90,Tg,166.26228162980033,154.72608112156217,11.536200508238153
1892682102,rotate_90,Density,1.0422453738863817,0.9708765217139719,0.07136885217240985
1892682102,rotate_90,FFV,0.3624369875427282,0.3639304595996501,0.0014934720569219073
1892682102,rotate_90,Tc,0.30030423462550204,0.3525102211478169,0.05220598652231484
1892682102,rotate_90,Rg,21.510576021180935,22.39102613864164,0.880450117460704
1892682102,rotate_180,Tg,166.26228162980033,170.3951752284526,4.1328935986522595
1892682102,rotate_180,Density,1.0422453738863817,1.0713630043700657,0.029117630483683987
1892682102,rotate_180,FFV,0.3624369875427282,0.36115401520319557,0.0012829723395326176
1892682102,rotate_180,Tc,0.30030423462550204,0.29385429847149797,0.006449936154004077
1892682102,rotate_180,Rg,21.510576021180935,20.758428647122127,0.7521473740588078
1892682102,rotate_270,Tg,166.26228162980033,137.96227185795402,28.300009771846305
1892682102,rotate_270,Density,1.0422453738863817,0.9837058518859788,0.05853952200040291
1892682102,rotate_270,FFV,0.3624369875427282,0.3595802086957937,0.0028567788469344713
1892682102,rotate_270,Tc,0.30030423462550204,0.3568761815339462,0.05657194690844414
1892682102,rotate_270,Rg,21.510576021180935,21.76590549466485,0.2553294734839149
1892682102,flip_horizontal,Tg,166.26228162980033,165.02587209563822,1.2364095341621066
1892682102,flip_horizontal,Density,1.0422453738863817,1.0604952710011433,0.01824989711476155
1892682102,flip_horizontal,FFV,0.3624369875427282,0.3600135344544889,0.002423453088239269
1892682102,flip_horizontal,Tc,0.30030423462550204,0.2914156110298056,0.008888623595696421
1892682102,flip_horizontal,Rg,21.510576021180935,21.584155581107993,0.07357955992705811
1892682102,flip_vertical,Tg,166.26228162980033,161.4942757048384,4.768005924961926
1892682102,flip_vertical,Density,1.0422453738863817,1.0369087675298636,0.005336606356518114
1892682102,flip_vertical,FFV,0.3624369875427282,0.3629755208339046,0.000538533291176424
1892682102,flip_vertical,Tc,0.30030423462550204,0.2988496709678232,0.0014545636576788201
1892682102,flip_vertical,Rg,21.510576021180935,20.592668638589625,0.9179073825913093
1673102109,rotate_90,Tg,413.07911973277044,327.30950358454845,85.76961614822198
1673102109,rotate_90,Density,0.9024817495802218,0.8734603422771128,0.02902140730310898
1673102109,rotate_90,FFV,0.45214420826474966,0.42117751430988887,0.03096669395486079
1673102109,rotate_90,Tc,0.2096482497132644,0.2582153403802946,0.04856709066703019
1673102109,rotate_90,Rg,22.21197288149494,24.761919040337187,2.5499461588422463
1673102109,rotate_180,Tg,413.07911973277044,340.62745911870053,72.45166061406991
1673102109,rotate_180,Density,0.9024817495802218,0.877004005147217,0.025477744433004768
1673102109,rotate_180,FFV,0.45214420826474966,0.4260516646826079,0.026092543582141747
1673102109,rotate_180,Tc,0.2096482497132644,0.26390931384936966,0.054261064136105264
1673102109,rotate_180,Rg,22.21197288149494,22.051144361824573,0.1608285196703676
1673102109,rotate_270,Tg,413.07911973277044,337.320215799317,75.75890393345344
1673102109,rotate_270,Density,0.9024817495802218,0.8642913197548323,0.03819042982538945
1673102109,rotate_270,FFV,0.45214420826474966,0.4172371925934327,0.03490701567131693
1673102109,rotate_270,Tc,0.2096482497132644,0.2637100309067066,0.05406178119344218
1673102109,rotate_270,Rg,22.21197288149494,24.91412465269962,2.7021517712046794
1673102109,flip_horizontal,Tg,413.07911973277044,417.43545180349645,4.356332070726012
1673102109,flip_horizontal,Density,0.9024817495802218,0.9176912042453376,0.015209454665115807
1673102109,flip_horizontal,FFV,0.45214420826474966,0.45516876954471713,0.003024561279967475
1673102109,flip_horizontal,Tc,0.2096482497132644,0.22129244013728613,0.011644190424021733
1673102109,flip_horizontal,Rg,22.21197288149494,20.975095023602947,1.2368778578919937
1673102109,flip_vertical,Tg,413.07911973277044,357.1627125883564,55.91640714441405
1673102109,flip_vertical,Density,0.9024817495802218,0.884088541474361,0.01839320810586076
1673102109,flip_vertical,FFV,0.45214420826474966,0.42764818994085935,0.024496018323890312
1673102109,flip_vertical,Tc,0.2096482497132644,0.26285984085966285,0.05321159114639845
1673102109,flip_vertical,Rg,22.21197288149494,22.841123683799225,0.6291508023042844
319236312,rotate_90,Tg,137.36033065769942,145.7861356934562,8.425805035756781
319236312,rotate_90,Density,1.1698169111518162,1.2216966612059719,0.05187975005415568
319236312,rotate_90,FFV,0.3831824741180833,0.3683762916681722,0.01480618244991111
319236312,rotate_90,Tc,0.17006730942857756,0.14124301984063475,0.02882428958794281
319236312,rotate_90,Rg,15.71701475713474,17.380021891247857,1.6630071341131174
319236312,rotate_180,Tg,137.36033065769942,141.83582035442916,4.475489696729738
319236312,rotate_180,Density,1.1698169111518162,1.13701625331883,0.032800657832986246
319236312,rotate_180,FFV,0.3831824741180833,0.3721255388613061,0.0110569352567772
319236312,rotate_180,Tc,0.17006730942857756,0.14276338489217205,0.02730392453640551
319236312,rotate_180,Rg,15.71701475713474,13.731949173093323,1.9850655840414166
319236312,rotate_270,Tg,137.36033065769942,140.70737140151,3.3470407438105667
319236312,rotate_270,Density,1.1698169111518162,1.163135321247306,0.006681589904510288
319236312,rotate_270,FFV,0.3831824741180833,0.380778278976143,0.0024041951419402907
319236312,rotate_270,Tc,0.17006730942857756,0.1844269211765167,0.01435961174793915
319236312,rotate_270,Rg,15.71701475713474,17.845200925343384,2.1281861682086447
319236312,flip_horizontal,Tg,137.36033065769942,137.8919318956627,0.5316012379632866
319236312,flip_horizontal,Density,1.1698169111518162,1.1567863712372606,0.013030539914555606
319236312,flip_horizontal,FFV,0.3831824741180833,0.3815132661438139,0.0016692079742693933
319236312,flip_horizontal,Tc,0.17006730942857756,0.16754413832617415,0.00252317110240341
319236312,flip_horizontal,Rg,15.71701475713474,15.050428129986821,0.6665866271479182
319236312,flip_vertical,Tg,137.36033065769942,155.0561975474284,17.69586688972899
319236312,flip_vertical,Density,1.1698169111518162,1.1447542394516619,0.025062671700154304
319236312,flip_vertical,FFV,0.3831824741180833,0.3769580978062025,0.00622437631188083
319236312,flip_vertical,Tc,0.17006730942857756,0.14017080326482997,0.029896506163747588
319236312,flip_vertical,Rg,15.71701475713474,14.512414470535353,1.204600286599387
508597876,rotate_90,Tg,160.408010966929,178.4144060111982,18.006395044269198
508597876,rotate_90,Density,1.0917006641425377,1.0084181477759881,0.0832825163665496
508597876,rotate_90,FFV,0.37436223807338076,0.3745892753630146,0.00022703728963385794
508597876,rotate_90,Tc,0.21310934743861187,0.2991109589705168,0.08600161153190494
508597876,rotate_90,Rg,18.37352256599117,21.963764568777837,3.590242002786667
508597876,rotate_180,Tg,160.408010966929,180.14368157963082,19.735670612701824
508597876,rotate_180,Density,1.0917006641425377,1.0733075297341919,0.01839313440834589
508597876,rotate_180,FFV,0.37436223807338076,0.373333970346247,0.0010282677271337692
508597876,rotate_180,Tc,0.21310934743861187,0.22711975610251384,0.014010408663901963
508597876,rotate_180,Rg,18.37352256599117,19.769792635465542,1.3962700694743724
508597876,rotate_270,Tg,160.408010966929,137.3259973706321,23.08201359629689
508597876,rotate_270,Density,1.0917006641425377,0.9796128703957176,0.1120877937468201
508597876,rotate_270,FFV,0.37436223807338076,0.3673694881749536,0.006992749898427186
508597876,rotate_270,Tc,0.21310934743861187,0.32712783907936305,0.11401849164075117
508597876,rotate_270,Rg,18.37352256599117,21.108169558184393,2.7346469921932233
508597876,flip_horizontal,Tg,160.408010966929,173.188095094642,12.780084127712996
508597876,flip_horizontal,Density,1.0917006641425377,1.1040738466251259,0.012373182482588119
508597876,flip_horizontal,FFV,0.37436223807338076,0.3734311673328033,0.0009310707405774665
508597876,flip_horizontal,Tc,0.21310934743861187,0.21772365790429604,0.004614310465684168
508597876,flip_horizontal,Rg,18.37352256599117,18.88810364774942,0.5145810817582515
508597876,flip_vertical,Tg,160.408010966929,193.42252320545018,33.01451223852118
508597876,flip_vertical,Density,1.0917006641425377,1.0719346304197417,0.01976603372279606
508597876,flip_vertical,FFV,0.37436223807338076,0.37478755009964637,0.0004253120262656118
508597876,flip_vertical,Tc,0.21310934743861187,0.23494060399279354,0.021831256554181666
508597876,flip_vertical,Rg,18.37352256599117,20.439710799043333,2.066188233052163
3147439001,rotate_90,Tg,134.98608175041406,104.99263458437049,29.993447166043566
3147439001,rotate_90,Density,0.9248971707118038,0.9631909579582938,0.03829378724649002
3147439001,rotate_90,FFV,0.3995340430709689,0.3859729111046858,0.013561131966283113
3147439001,rotate_90,Tc,0.20566416860129766,0.22776441086154842,0.022100242260250758
3147439001,rotate_90,Rg,15.105331632586436,15.492389552654908,0.3870579200684716
3147439001,rotate_180,Tg,134.98608175041406,136.01806805868017,1.031986308266113
3147439001,rotate_180,Density,0.9248971707118038,0.9264452731427246,0.0015481024309208502
3147439001,rotate_180,FFV,0.3995340430709689,0.3930583555701549,0.006475687500814009
3147439001,rotate_180,Tc,0.20566416860129766,0.20322281941191575,0.0024413491893819084
3147439001,rotate_180,Rg,15.105331632586436,14.054600560706001,1.0507310718804348
3147439001,rotate_270,Tg,134.98608175041406,117.05916919219305,17.926912558221005
3147439001,rotate_270,Density,0.9248971707118038,0.9468142721132352,0.021917101401431438
3147439001,rotate_270,FFV,0.3995340430709689,0.38989642482549397,0.009637618245474933
3147439001,rotate_270,Tc,0.20566416860129766,0.22780818978501133,0.02214402118371367
3147439001,rotate_270,Rg,15.105331632586436,15.571074890007901,0.4657432574214653
3147439001,flip_horizontal,Tg,134.98608175041406,120.76026549876443,14.225816251649633
3147439001,flip_horizontal,Density,0.9248971707118038,0.9280182783973316,0.0031211076855278685
3147439001,flip_horizontal,FFV,0.3995340430709689,0.3968051994745595,0.0027288435964094027
3147439001,flip_horizontal,Tc,0.20566416860129766,0.21340788100345814,0.007743712402160485
3147439001,flip_horizontal,Rg,15.105331632586436,14.778014233457444,0.32731739912899194
3147439001,flip_vertical,Tg,134.98608175041406,137.7634775749339,2.7773958245198287
3147439001,flip_vertical,Density,0.9248971707118038,0.9314147154375897,0.006517544725785918
3147439001,flip_vertical,FFV,0.3995340430709689,0.3915019355886605,0.008032107482308426
3147439001,flip_vertical,Tc,0.20566416860129766,0.20805889868105626,0.0023947300797586
3147439001,flip_vertical,Rg,15.105331632586436,14.437221740507647,0.6681098920787889
1220689198,rotate_90,Tg,120.14131565866907,155.94714465355204,35.80582899488297
1220689198,rotate_90,Density,1.0809097102949345,1.031259010029258,0.04965070026567653
1220689198,rotate_90,FFV,0.39203252454576437,0.4022916893070537,0.010259164761289352
1220689198,rotate_90,Tc,0.23735078223421038,0.31163764382074605,0.07428686158653566
1220689198,rotate_90,Rg,20.408839764889446,20.885279283433835,0.4764395185443888
1220689198,rotate_180,Tg,120.14131565866907,126.02486257390414,5.883546915235073
1220689198,rotate_180,Density,1.0809097102949345,1.0874502761961455,0.006540565901210993
1220689198,rotate_180,FFV,0.39203252454576437,0.39406551985036503,0.00203299530460066
1220689198,rotate_180,Tc,0.23735078223421038,0.23539238402925808,0.001958398204952305
1220689198,rotate_180,Rg,20.408839764889446,20.099449992398586,0.3093897724908601
1220689198,rotate_270,Tg,120.14131565866907,148.75186533611287,28.6105496774438
1220689198,rotate_270,Density,1.0809097102949345,1.0282086156217334,0.052701094673201165
1220689198,rotate_270,FFV,0.39203252454576437,0.40123296960118504,0.00920044505542067
1220689198,rotate_270,Tc,0.23735078223421038,0.30998735709365305,0.07263657485944267
1220689198,rotate_270,Rg,20.408839764889446,20.66159176938952,0.2527520045000742
1220689198,flip_horizontal,Tg,120.14131565866907,113.49986603724824,6.641449621420833
1220689198,flip_horizontal,Density,1.0809097102949345,1.0982193008951098,0.01730959060017523
1220689198,flip_horizontal,FFV,0.39203252454576437,0.3904149666644023,0.0016175578813620861
1220689198,flip_horizontal,Tc,0.23735078223421038,0.2308111907473997,0.006539591486810686
1220689198,flip_horizontal,Rg,20.408839764889446,19.865331510298297,0.5435082545911492
1220689198,flip_vertical,Tg,120.14131565866907,114.91118070349701,5.230134955172062
1220689198,flip_vertical,Density,1.0809097102949345,1.1039436936484415,0.023033983353506926
1220689198,flip_vertical,FFV,0.39203252454576437,0.38918455738226426,0.002847967163500109
1220689198,flip_vertical,Tc,0.23735078223421038,0.22278992068305561,0.014560861551154769
1220689198,flip_vertical,Rg,20.408839764889446,19.27242038311504,1.136419381774406
2028683291,rotate_90,Tg,236.68908390899475,201.85815937461902,34.830924534375725
2028683291,rotate_90,Density,0.9738583691368055,0.9763752010665081,0.0025168319297026454
2028683291,rotate_90,FFV,0.36247068428864926,0.3619289793079603,0.0005417049806889507
2028683291,rotate_90,Tc,0.2753950041405013,0.27679556560421925,0.0014005614637179753
2028683291,rotate_90,Rg,19.04873972649974,19.21565118212376,0.166911455624021
2028683291,rotate_180,Tg,236.68908390899475,242.68501842151068,5.99593451251593
2028683291,rotate_180,Density,0.9738583691368055,1.0390356484065562,0.0651772792697507
2028683291,rotate_180,FFV,0.36247068428864926,0.3680004052837921,0.005529720995142817
2028683291,rotate_180,Tc,0.2753950041405013,0.23486783631090033,0.040527167829600946
2028683291,rotate_180,Rg,19.04873972649974,18.898607285512497,0.15013244098724243
2028683291,rotate_270,Tg,236.68908390899475,213.19003868482636,23.499045224168384
2028683291,rotate_270,Density,0.9738583691368055,0.9152044461727519,0.058653922964053584
2028683291,rotate_270,FFV,0.36247068428864926,0.36389535020516145,0.001424665916512191
2028683291,rotate_270,Tc,0.2753950041405013,0.2938466518295909,0.018451647689089634
2028683291,rotate_270,Rg,19.04873972649974,16.660569564067906,2.388170162431834
2028683291,flip_horizontal,Tg,236.68908390899475,260.56096957601875,23.871885667024003
2028683291,flip_horizontal,Density,0.9738583691368055,1.0009968690819389,0.0271384999451334
2028683291,flip_horizontal,FFV,0.36247068428864926,0.36586548987290424,0.0033948055842549785
2028683291,flip_horizontal,Tc,0.2753950041405013,0.2754587824001157,6.377825961439987e-05
2028683291,flip_horizontal,Rg,19.04873972649974,19.916633497767755,0.8678937712680153
2028683291,flip_vertical,Tg,236.68908390899475,243.61370674338968,6.924622834394938
2028683291,flip_vertical,Density,0.9738583691368055,1.0252748635320938,0.05141649439528839
2028683291,flip_vertical,FFV,0.36247068428864926,0.36960366058662153,0.007132976297972271
2028683291,flip_vertical,Tc,0.2753950041405013,0.23733885339907443,0.03805615074142685
2028683291,flip_vertical,Rg,19.04873972649974,18.665178380245685,0.383561346254055
3147439260,rotate_90,Tg,205.80760722447513,157.1071323988719,48.70047482560324
3147439260,rotate_90,Density,1.1661473505697937,1.0885445969534089,0.0776027536163848
3147439260,rotate_90,FFV,0.37552903844112545,0.36289470696379145,0.012634331477334004
3147439260,rotate_90,Tc,0.1719450006820523,0.22418720859373859,0.052242207911686295
3147439260,rotate_90,Rg,16.96960940426566,17.484160010477456,0.5145506062117953
3147439260,rotate_180,Tg,205.80760722447513,174.6096844104327,31.197922814042442
3147439260,rotate_180,Density,1.1661473505697937,1.1151455951568696,0.051001755412924066
3147439260,rotate_180,FFV,0.37552903844112545,0.3703807892252362,0.0051482492158892446
3147439260,rotate_180,Tc,0.1719450006820523,0.19764035482689607,0.02569535414484378
3147439260,rotate_180,Rg,16.96960940426566,16.359978334205643,0.6096310700600185
3147439260,rotate_270,Tg,205.80760722447513,131.73675371679042,74.07085350768472
3147439260,rotate_270,Density,1.1661473505697937,1.0850056179763765,0.08114173259341717
3147439260,rotate_270,FFV,0.37552903844112545,0.3580714505012209,0.01745758793990454
3147439260,rotate_270,Tc,0.1719450006820523,0.23502147005149862,0.06307646936944633
3147439260,rotate_270,Rg,16.96960940426566,16.46464409015673,0.5049653141089294
3147439260,flip_horizontal,Tg,205.80760722447513,185.60227700230314,20.205330222171995
3147439260,flip_horizontal,Density,1.1661473505697937,1.1563201392561218,0.009827211313671924
3147439260,flip_horizontal,FFV,0.37552903844112545,0.3755392221382229,1.0183697097432276e-05
3147439260,flip_horizontal,Tc,0.1719450006820523,0.16885429943898472,0.0030907012430675673
3147439260,flip_horizontal,Rg,16.96960940426566,16.982396506495043,0.01278710222938173
3147439260,flip_vertical,Tg,205.80760722447513,154.16269489623105,51.64491232824409
3147439260,flip_vertical,Density,1.1661473505697937,1.1134379366926954,0.052709413877098266
3147439260,flip_vertical,FFV,0.37552903844112545,0.36678243973557145,0.008746598705553998
3147439260,flip_vertical,Tc,0.1719450006820523,0.2008782564404074,0.02893325575835512
3147439260,flip_vertical,Rg,16.96960940426566,15.724536202433331,1.24507320183233
911981082,rotate_90,Tg,43.05313393963122,56.57546151361341,13.522327573982189
911981082,rotate_90,Density,0.9477316858899426,0.982203945207468,0.0344722593175254
911981082,rotate_90,FFV,0.38323907751284886,0.37382513802858286,0.009413939484265998
911981082,rotate_90,Tc,0.22155205386191876,0.2635166672768662,0.04196461341494742
911981082,rotate_90,Rg,11.754301396866149,16.680076385855475,4.9257749889893265
911981082,rotate_180,Tg,43.05313393963122,56.54186735714774,13.488733417516514
911981082,rotate_180,Density,0.9477316858899426,0.9738386355897285,0.026106949699785886
911981082,rotate_180,FFV,0.38323907751284886,0.373615514510027,0.009623563002821856
911981082,rotate_180,Tc,0.22155205386191876,0.21420375645455794,0.007348297407360815
911981082,rotate_180,Rg,11.754301396866149,12.122767328613143,0.3684659317469947
911981082,rotate_270,Tg,43.05313393963122,77.76586927798778,34.71273533835655
911981082,rotate_270,Density,0.9477316858899426,0.9689598229143248,0.0212281370243822
911981082,rotate_270,FFV,0.38323907751284886,0.38257246130686473,0.0006666162059841274
911981082,rotate_270,Tc,0.22155205386191876,0.2314730868781385,0.009921033016219744
911981082,rotate_270,Rg,11.754301396866149,14.326036361011223,2.571734964145074
911981082,flip_horizontal,Tg,43.05313393963122,47.98213606794529,4.9290021283140675
911981082,flip_horizontal,Density,0.9477316858899426,0.9630859336558594,0.015354247765916762
911981082,flip_horizontal,FFV,0.38323907751284886,0.3817125966205287,0.001526480892320159
911981082,flip_horizontal,Tc,0.22155205386191876,0.22218870887665187,0.0006366550147331174
911981082,flip_horizontal,Rg,11.754301396866149,11.911264732338308,0.15696333547215957
911981082,flip_vertical,Tg,43.05313393963122,51.13568283113132,8.082548891500096
911981082,flip_vertical,Density,0.9477316858899426,0.9699684435893217,0.02223675769937905
911981082,flip_vertical,FFV,0.38323907751284886,0.3724848951142826,0.010754182398566237
911981082,flip_vertical,Tc,0.22155205386191876,0.20897074487085301,0.012581308991065743
911981082,flip_vertical,Rg,11.754301396866149,12.089790270836016,0.33548887396986693
1775591199,rotate_90,Tg,164.04034205765072,169.19202094254481,5.151678884894096
1775591199,rotate_90,Density,1.0179790376549942,1.0179503397627108,2.8697892283435777e-05
1775591199,rotate_90,FFV,0.3924949489291681,0.3819852418111283,0.01050970711803978
1775591199,rotate_90,Tc,0.2280184707558881,0.2615327208873969,0.03351425013150877
1775591199,rotate_90,Rg,17.10935237658845,20.09408311429313,2.9847307377046803
1775591199,rotate_180,Tg,164.04034205765072,189.96247578084058,25.92213372318986
1775591199,rotate_180,Density,1.0179790376549942,1.001504773508963,0.016474264146031148
1775591199,rotate_180,FFV,0.3924949489291681,0.3855657797025388,0.006929169226629284
1775591199,rotate_180,Tc,0.2280184707558881,0.22642103320710955,0.0015974375487785575
1775591199,rotate_180,Rg,17.10935237658845,16.747655382231972,0.3616969943564783
1775591199,rotate_270,Tg,164.04034205765072,144.79461852260042,19.245723535050303
1775591199,rotate_270,Density,1.0179790376549942,0.99932107281975,0.01865796483524418
1775591199,rotate_270,FFV,0.3924949489291681,0.37590781116014166,0.016587137769026428
1775591199,rotate_270,Tc,0.2280184707558881,0.30126807586657045,0.07324960511068235
1775591199,rotate_270,Rg,17.10935237658845,20.75555737729517,3.6462050007067184
1775591199,flip_horizontal,Tg,164.04034205765072,175.33768518665102,11.297343129000296
1775591199,flip_horizontal,Density,1.0179790376549942,1.0193834732968203,0.0014044356418261295
1775591199,flip_horizontal,FFV,0.3924949489291681,0.393173952815398,0.0006790038862299341
1775591199,flip_horizontal,Tc,0.2280184707558881,0.22569415802548126,0.002324312730406841
1775591199,flip_horizontal,Rg,17.10935237658845,17.23539344039085,0.12604106380240054
1775591199,flip_vertical,Tg,164.04034205765072,186.25255413843175,22.21221208078103
1775591199,flip_vertical,Density,1.0179790376549942,1.0002398951782279,0.017739142476766334
1775591199,flip_vertical,FFV,0.3924949489291681,0.3860148539738279,0.006480094955340188
1775591199,flip_vertical,Tc,0.2280184707558881,0.24609199226458292,0.018073521508694818
1775591199,flip_vertical,Rg,17.10935237658845,17.092652641239475,0.01669973534897551
973188497,rotate_90,Tg,239.63981225030648,157.5180052481582,82.12180700214827
973188497,rotate_90,Density,1.1298463975351432,1.109205485284972,0.020640912250171173
973188497,rotate_90,FFV,0.3760656265519558,0.35747330429535223,0.018592322256603566
973188497,rotate_90,Tc,0.14957463804353338,0.15868717097275847,0.009112532929225092
973188497,rotate_90,Rg,17.9218408457822,16.517266830718732,1.4045740150634671
973188497,rotate_180,Tg,239.63981225030648,204.87365831734346,34.76615393296302
973188497,rotate_180,Density,1.1298463975351432,1.1155915131792549,0.014254884355888287
973188497,rotate_180,FFV,0.3760656265519558,0.370207676420911,0.005857950131044787
973188497,rotate_180,Tc,0.14957463804353338,0.15988741476906848,0.0103127767255351
973188497,rotate_180,Rg,17.9218408457822,16.94605441009616,0.9757864356860395
973188497,rotate_270,Tg,239.63981225030648,163.08134660993295,76.55846564037353
973188497,rotate_270,Density,1.1298463975351432,1.1108762653333581,0.018970132201785006
973188497,rotate_270,FFV,0.3760656265519558,0.3563106821070924,0.01975494444486342
973188497,rotate_270,Tc,0.14957463804353338,0.16489943724576084,0.015324799202227457
973188497,rotate_270,Rg,17.9218408457822,16.918235880409416,1.0036049653727837
973188497,flip_horizontal,Tg,239.63981225030648,214.4379734044349,25.201838845871578
973188497,flip_horizontal,Density,1.1298463975351432,1.1196770698637857,0.010169327671357475
973188497,flip_horizontal,FFV,0.3760656265519558,0.3739483313604121,0.002117295191543689
973188497,flip_horizontal,Tc,0.14957463804353338,0.16306912164950535,0.013494483605971969
973188497,flip_horizontal,Rg,17.9218408457822,17.606197036175303,0.31564380960689675
973188497,flip_vertical,Tg,239.63981225030648,175.33468948015783,64.30512277014864
973188497,flip_vertical,Density,1.1298463975351432,1.1007929820195825,0.02905341551556062
973188497,flip_vertical,FFV,0.3760656265519558,0.3681755685739653,0.007890057977990528
973188497,flip_vertical,Tc,0.14957463804353338,0.16042037339052467,0.010845735346991292
973188497,flip_vertical,Rg,17.9218408457822,16.327832782052802,1.5940080637293974
1034236621,rotate_90,Tg,194.17193980748394,152.62638877656292,41.54555103092102
1034236621,rotate_90,Density,0.9950685647110534,0.9739277467498383,0.02114081796121514
1034236621,rotate_90,FFV,0.38365753323821694,0.3839885416845912,0.0003310084463742369
1034236621,rotate_90,Tc,0.23609127295261106,0.3192918210086858,0.08320054805607474
1034236621,rotate_90,Rg,18.173022705041838,22.31315090707154,4.140128202029704
1034236621,rotate_180,Tg,194.17193980748394,260.01296643887116,65.84102663138722
1034236621,rotate_180,Density,0.9950685647110534,0.9882584787978814,0.006810085913172004
1034236621,rotate_180,FFV,0.38365753323821694,0.38994825858604404,0.0062907253478270975
1034236621,rotate_180,Tc,0.23609127295261106,0.22752145089510867,0.008569822057502396
1034236621,rotate_180,Rg,18.173022705041838,19.25757218253142,1.0845494774895812
1034236621,rotate_270,Tg,194.17193980748394,158.49897156327182,35.672968244212115
1034236621,rotate_270,Density,0.9950685647110534,0.9462726923252152,0.04879587238583827
1034236621,rotate_270,FFV,0.38365753323821694,0.38203616307580346,0.0016213701624134824
1034236621,rotate_270,Tc,0.23609127295261106,0.3368376059945678,0.10074633304195674
1034236621,rotate_270,Rg,18.173022705041838,22.4862865114227,4.3132638063808635
1034236621,flip_horizontal,Tg,194.17193980748394,215.24427122616925,21.07233141868531
1034236621,flip_horizontal,Density,0.9950685647110534,0.9859402746463575,0.009128290064695954
1034236621,flip_horizontal,FFV,0.38365753323821694,0.3869193875060445,0.0032618542678275464
1034236621,flip_horizontal,Tc,0.23609127295261106,0.23877399704040142,0.0026827240877903558
1034236621,flip_horizontal,Rg,18.173022705041838,18.81401557791643,0.6409928728745911
1034236621,flip_vertical,Tg,194.17193980748394,238.13356272842208,43.96162292093814
1034236621,flip_vertical,Density,0.9950685647110534,0.981434489424219,0.013634075286834468
1034236621,flip_vertical,FFV,0.38365753323821694,0.38993904840623006,0.006281515168013119
1034236621,flip_vertical,Tc,0.23609127295261106,0.2145951826344092,0.021496090318201877
1034236621,flip_vertical,Rg,18.173022705041838,17.30667098473826,0.8663517203035767
1058557408,rotate_90,Tg,6.9260436496537725,36.79802941102664,29.87198576137287
1058557408,rotate_90,Density,1.1148613180183287,0.9935403429286221,0.12132097508970652
1058557408,rotate_90,FFV,0.3331253901054673,0.35444136008118343,0.02131596997571611
1058557408,rotate_90,Tc,0.22041879851556048,0.246766948494417,0.02634814997885651
1058557408,rotate_90,Rg,19.536232149378172,15.75911495224005,3.7771171971381214
1058557408,rotate_180,Tg,6.9260436496537725,25.071516937523047,18.145473287869272
1058557408,rotate_180,Density,1.1148613180183287,1.0880140603321604,0.026847257686168247
1058557408,rotate_180,FFV,0.3331253901054673,0.3458124439119993,0.012687053806531956
1058557408,rotate_180,Tc,0.22041879851556048,0.21444014690996602,0.005978651605594465
1058557408,rotate_180,Rg,19.536232149378172,17.103363929073364,2.432868220304808
1058557408,rotate_270,Tg,6.9260436496537725,43.36110639387891,36.43506274422514
1058557408,rotate_270,Density,1.1148613180183287,1.0060238795984486,0.10883743841988003
1058557408,rotate_270,FFV,0.3331253901054673,0.3562149839931819,0.023089593887714588
1058557408,rotate_270,Tc,0.22041879851556048,0.25016101164669735,0.02974221313113687
1058557408,rotate_270,Rg,19.536232149378172,15.747825035968967,3.788407113409205
1058557408,flip_horizontal,Tg,6.9260436496537725,12.910190278319472,5.9841466286657
1058557408,flip_horizontal,Density,1.1148613180183287,1.1244846679761822,0.009623349957853522
1058557408,flip_horizontal,FFV,0.3331253901054673,0.3331778009922612,5.24108867938633e-05
1058557408,flip_horizontal,Tc,0.22041879851556048,0.21970850733817843,0.0007102911773820553
1058557408,flip_horizontal,Rg,19.536232149378172,19.398170787201163,0.13806136217700882
1058557408,flip_vertical,Tg,6.9260436496537725,29.358083820055136,22.432040170401365
1058557408,flip_vertical,Density,1.1148613180183287,1.109570387181936,0.005290930836392649
1058557408,flip_vertical,FFV,0.3331253901054673,0.3415235650929269,0.008398174987459595
1058557408,flip_vertical,Tc,0.22041879851556048,0.21389033954544073,0.006528458970119749
1058557408,flip_vertical,Rg,19.536232149378172,17.640020760184647,1.8962113891935246
1315760893,rotate_90,Tg,133.60209403414365,178.8212026078272,45.21910857368354
1315760893,rotate_90,Density,0.8008879166003119,0.7799942689232836,0.020893647677028282
1315760893,rotate_90,FFV,0.35870922449417303,0.3623172302645012,0.00360800577032816
1315760893,rotate_90,Tc,0.3389666118086393,0.34763262147137464,0.008666009662735341
1315760893,rotate_90,Rg,16.20118381497902,19.18781869205915,2.986634877080128
1315760893,rotate_180,Tg,133.60209403414365,150.98788080652193,17.38578677237828
1315760893,rotate_180,Density,0.8008879166003119,0.8865661877640767,0.08567827116376481
1315760893,rotate_180,FFV,0.35870922449417303,0.3647643700100379,0.00605514551586489
1315760893,rotate_180,Tc,0.3389666118086393,0.24583267479041346,0.09313393701822584
1315760893,rotate_180,Rg,16.20118381497902,16.448057559415332,0.24687374443631072
1315760893,rotate_270,Tg,133.60209403414365,197.57964279899062,63.97754876484697
1315760893,rotate_270,Density,0.8008879166003119,0.80080235832246,8.555827785183823e-05
1315760893,rotate_270,FFV,0.35870922449417303,0.36659275911593214,0.007883534621759114
1315760893,rotate_270,Tc,0.3389666118086393,0.33432683497441773,0.004639776834221565
1315760893,rotate_270,Rg,16.20118381497902,19.473238123131,3.2720543081519793
1315760893,flip_horizontal,Tg,133.60209403414365,138.89265889829593,5.290564864152287
1315760893,flip_horizontal,Density,0.8008879166003119,0.7887961808739403,0.012091735726371566
1315760893,flip_horizontal,FFV,0.35870922449417303,0.3583271610366015,0.00038206345757152427
1315760893,flip_horizontal,Tc,0.3389666118086393,0.33315052764940367,0.005816084159235624
1315760893,flip_horizontal,Rg,16.20118381497902,16.020773816262977,0.18040999871604413
1315760893,flip_vertical,Tg,133.60209403414365,151.99135382849047,18.389259794346827
1315760893,flip_vertical,Density,0.8008879166003119,0.8872410264389747,0.08635310983866284
1315760893,flip_vertical,FFV,0.35870922449417303,0.3653745826632644,0.006665358169091362
1315760893,flip_vertical,Tc,0.3389666118086393,0.2635804748853826,0.07538613692325669
1315760893,flip_vertical,Rg,16.20118381497902,16.734868415955827,0.5336846009768053
1068978203,rotate_90,Tg,54.98519833117052,36.01616281577522,18.969035515395305
1068978203,rotate_90,Density,1.082592419102112,0.9737591414376514,0.10883327766446049
1068978203,rotate_90,FFV,0.3444797465487698,0.35182725714781554,0.007347510599045759
1068978203,rotate_90,Tc,0.24239183517903456,0.3230548091671339,0.08066297398809935
1068978203,rotate_90,Rg,17.324952316377377,19.11087360253603,1.7859212861586542
1068978203,rotate_180,Tg,54.98519833117052,66.4700685817805,11.484870250609973
1068978203,rotate_180,Density,1.082592419102112,1.0708190419305275,0.011773377171584443
1068978203,rotate_180,FFV,0.3444797465487698,0.34795451570815655,0.0034747691593867702
1068978203,rotate_180,Tc,0.24239183517903456,0.2744659242982661,0.03207408911923154
1068978203,rotate_180,Rg,17.324952316377377,18.142669838440295,0.8177175220629174
1068978203,rotate_270,Tg,54.98519833117052,43.09963980744944,11.88555852372108
1068978203,rotate_270,Density,1.082592419102112,0.9763154804578796,0.10627693864423227
1068978203,rotate_270,FFV,0.3444797465487698,0.35178772771823646,0.007307981169466682
1068978203,rotate_270,Tc,0.24239183517903456,0.32180878234840876,0.0794169471693742
1068978203,rotate_270,Rg,17.324952316377377,19.13529644825575,1.8103441318783737
1068978203,flip_horizontal,Tg,54.98519833117052,64.33967278133677,9.35447445016625
1068978203,flip_horizontal,Density,1.082592419102112,1.0656584203033597,0.016933998798752237
1068978203,flip_horizontal,FFV,0.3444797465487698,0.345851460337994,0.0013717137892242381
1068978203,flip_horizontal,Tc,0.24239183517903456,0.26058533745508067,0.018193502276046103
1068978203,flip_horizontal,Rg,17.324952316377377,17.581171608638623,0.25621929226124607
1068978203,flip_vertical,Tg,54.98519833117052,46.34868917079919,8.636509160371332
1068978203,flip_vertical,Density,1.082592419102112,1.065411205930382,0.017181213171729937
1068978203,flip_vertical,FFV,0.3444797465487698,0.3478065337778232,0.0033267872290534406
1068978203,flip_vertical,Tc,0.24239183517903456,0.26447268625925685,0.022080851080222286
1068978203,flip_vertical,Rg,17.324952316377377,18.697850464923754,1.3728981485463763
1200344407,rotate_90,Tg,105.18263666670191,153.78404574006555,48.60140907336364
1200344407,rotate_90,Density,0.684846357084711,0.8426922435405213,0.15784588645581032
1200344407,rotate_90,FFV,0.3504820177068167,0.35897344435735035,0.008491426650533651
1200344407,rotate_90,Tc,0.29963288245014497,0.31976947403708234,0.02013659158693737
1200344407,rotate_90,Rg,12.826888959606844,19.232988515095716,6.406099555488872
1200344407,rotate_180,Tg,105.18263666670191,113.39739571304668,8.214759046344767
1200344407,rotate_180,Density,0.684846357084711,0.7144809603970983,0.02963460331238732
1200344407,rotate_180,FFV,0.3504820177068167,0.35016348745122733,0.00031853025558936654
1200344407,rotate_180,Tc,0.29963288245014497,0.2892073835875154,0.010425498862629556
1200344407,rotate_180,Rg,12.826888959606844,12.882771563513169,0.05588260390632449
1200344407,rotate_270,Tg,105.18263666670191,142.44791784575986,37.26528117905795
1200344407,rotate_270,Density,0.684846357084711,0.8185496582782499,0.1337033011935389
1200344407,rotate_270,FFV,0.3504820177068167,0.3601955215720511,0.009713503865234396
1200344407,rotate_270,Tc,0.29963288245014497,0.3176256865152176,0.017992804065072643
1200344407,rotate_270,Rg,12.826888959606844,18.836386448960763,6.009497489353919
1200344407,flip_horizontal,Tg,105.18263666670191,104.20692993896414,0.9757067277377729
1200344407,flip_horizontal,Density,0.684846357084711,0.6872745138280987,0.0024281567433876994
1200344407,flip_horizontal,FFV,0.3504820177068167,0.35144132127547206,0.0009593035686553675
1200344407,flip_horizontal,Tc,0.29963288245014497,0.29729825310414915,0.00233462934599582
1200344407,flip_horizontal,Rg,12.826888959606844,13.037126055954406,0.21023709634756216
1200344407,flip_vertical,Tg,105.18263666670191,121.17946280084375,15.996826134141841
1200344407,flip_vertical,Density,0.684846357084711,0.6959363675487247,0.0110900104640137
1200344407,flip_vertical,FFV,0.3504820177068167,0.35120397398279496,0.0007219562759782638
1200344407,flip_vertical,Tc,0.29963288245014497,0.2893000101002038,0.01033287234994118
1200344407,flip_vertical,Rg,12.826888959606844,12.437531375997674,0.3893575836091703
1857184942,rotate_90,Tg,115.83172148468654,133.0625304251377,17.23080894045117
1857184942,rotate_90,Density,1.0255850542462135,1.0415198107865966,0.01593475654038312
1857184942,rotate_90,FFV,0.37291734344289046,0.368567683269837,0.004349660173053438
1857184942,rotate_90,Tc,0.22930604934300755,0.26950223160432585,0.0401961822613183
1857184942,rotate_90,Rg,14.958231229492323,18.4258062110645,3.4675749815721773
1857184942,rotate_180,Tg,115.83172148468654,113.63016859486274,2.2015528898238017
1857184942,rotate_180,Density,1.0255850542462135,1.0493103875818997,0.02372533333568616
1857184942,rotate_180,FFV,0.37291734344289046,0.3716510799942717,0.001266263448618743
1857184942,rotate_180,Tc,0.22930604934300755,0.23118200710265308,0.0018759577596455246
1857184942,rotate_180,Rg,14.958231229492323,15.224779688247224,0.26654845875490096
1857184942,rotate_270,Tg,115.83172148468654,157.2194326341302,41.387711149443646
1857184942,rotate_270,Density,1.0255850542462135,1.0194227559576796,0.006162298288533874
1857184942,rotate_270,FFV,0.37291734344289046,0.3647380976343993,0.008179245808491165
1857184942,rotate_270,Tc,0.22930604934300755,0.2825692299868276,0.053263180643820046
1857184942,rotate_270,Rg,14.958231229492323,18.349674614063897,3.3914433845715735
1857184942,flip_horizontal,Tg,115.83172148468654,105.48089685187995,10.350824632806592
1857184942,flip_horizontal,Density,1.0255850542462135,1.036968703801446,0.011383649555232411
1857184942,flip_horizontal,FFV,0.37291734344289046,0.370748064144144,0.0021692792987464404
1857184942,flip_horizontal,Tc,0.22930604934300755,0.24112366234676,0.011817613003752447
1857184942,flip_horizontal,Rg,14.958231229492323,14.830129752341062,0.12810147715126163
1857184942,flip_vertical,Tg,115.83172148468654,119.77964693964365,3.947925454957115
1857184942,flip_vertical,Density,1.0255850542462135,1.0279237410067403,0.0023386867605268424
1857184942,flip_vertical,FFV,0.37291734344289046,0.37144671285217196,0.0014706305907185024
1857184942,flip_vertical,Tc,0.22930604934300755,0.23027294637593054,0.000966897032922992
1857184942,flip_vertical,Rg,14.958231229492323,14.949075529644333,0.009155699847990917
3147438613,rotate_90,Tg,17.77573384775972,9.438762500363444,8.336971347396277
3147438613,rotate_90,Density,0.9762053854848045,0.9497283531909779,0.026477032293826586
3147438613,rotate_90,FFV,0.36041196092893013,0.3618304518536484,0.0014184909247182964
3147438613,rotate_90,Tc,0.2605294564250581,0.2922541039969994,0.03172464757194132
3147438613,rotate_90,Rg,16.30397478286124,17.412887595171867,1.1089128123106278
3147438613,rotate_180,Tg,17.77573384775972,56.0599694203831,38.28423557262337
3147438613,rotate_180,Density,0.9762053854848045,1.0038038538531868,0.027598468368382312
3147438613,rotate_180,FFV,0.36041196092893013,0.36256746250101135,0.00215550157208122
3147438613,rotate_180,Tc,0.2605294564250581,0.23485987868017305,0.02566957774488504
3147438613,rotate_180,Rg,16.30397478286124,15.302765069319317,1.0012097135419218
3147438613,rotate_270,Tg,17.77573384775972,10.462526348188842,7.313207499570879
3147438613,rotate_270,Density,0.9762053854848045,0.9816837760534056,0.00547839056860111
3147438613,rotate_270,FFV,0.36041196092893013,0.35575705144022296,0.004654909488707171
3147438613,rotate_270,Tc,0.2605294564250581,0.2773198871873602,0.016790430762302133
3147438613,rotate_270,Rg,16.30397478286124,17.25583069763573,0.9518559147744909
3147438613,flip_horizontal,Tg,17.77573384775972,19.81669430225876,2.0409604544990394
3147438613,flip_horizontal,Density,0.9762053854848045,0.987230275174199,0.011024889689394524
3147438613,flip_horizontal,FFV,0.36041196092893013,0.3584853907512472,0.0019265701776829403
3147438613,flip_horizontal,Tc,0.2605294564250581,0.2474363005233259,0.013093155901732184
3147438613,flip_horizontal,Rg,16.30397478286124,15.860210938502437,0.4437638443588021
3147438613,flip_vertical,Tg,17.77573384775972,44.57419092568993,26.798457077930212
3147438613,flip_vertical,Density,0.9762053854848045,0.9934837574239339,0.0172783719391294
3147438613,flip_vertical,FFV,0.36041196092893013,0.3630108160307629,0.0025988551018327755
3147438613,flip_vertical,Tc,0.2605294564250581,0.2439401176094877,0.016589338815570398
3147438613,flip_vertical,Rg,16.30397478286124,15.310294169873956,0.9936806129872835
1727053406,rotate_90,Tg,96.24612201974807,166.61110164639462,70.36497962664654
1727053406,rotate_90,Density,1.0621969632592048,1.069990715913905,0.007793752654700281
1727053406,rotate_90,FFV,0.37262630214243797,0.38853591369803586,0.01590961155559789
1727053406,rotate_90,Tc,0.2443560483172967,0.27878948546088556,0.034433437143588846
1727053406,rotate_90,Rg,18.848171317562002,22.55197517521487,3.7038038576528685
1727053406,rotate_180,Tg,96.24612201974807,183.00383910120112,86.75771708145305
1727053406,rotate_180,Density,1.0621969632592048,1.0823641480381117,0.020167184778906888
1727053406,rotate_180,FFV,0.37262630214243797,0.3807892434324497,0.008162941290011716
1727053406,rotate_180,Tc,0.2443560483172967,0.2591630766311695,0.014807028313872789
1727053406,rotate_180,Rg,18.848171317562002,21.33479994750723,2.4866286299452263
1727053406,rotate_270,Tg,96.24612201974807,139.1275775368644,42.881455517116336
1727053406,rotate_270,Density,1.0621969632592048,1.0374010247922194,0.024795938466985357
1727053406,rotate_270,FFV,0.37262630214243797,0.3793151158768559,0.006688813734417931
1727053406,rotate_270,Tc,0.2443560483172967,0.31690483852241047,0.07254879020511376
1727053406,rotate_270,Rg,18.848171317562002,22.980799806101246,4.132628488539243
1727053406,flip_horizontal,Tg,96.24612201974807,87.11556910899114,9.130552910756933
1727053406,flip_horizontal,Density,1.0621969632592048,1.0664541896367097,0.004257226377504919
1727053406,flip_horizontal,FFV,0.37262630214243797,0.37216297036835366,0.0004633317740843079
1727053406,flip_horizontal,Tc,0.2443560483172967,0.24615173355311723,0.001795685235820521
1727053406,flip_horizontal,Rg,18.848171317562002,19.149542138423254,0.30137082086125133
1727053406,flip_vertical,Tg,96.24612201974807,157.60088489348442,61.35476287373635
1727053406,flip_vertical,Density,1.0621969632592048,1.0916262276395607,0.02942926438035598
1727053406,flip_vertical,FFV,0.37262630214243797,0.38118686016436604,0.008560558021928066
1727053406,flip_vertical,Tc,0.2443560483172967,0.2560992634126835,0.01174321509538681
1727053406,flip_vertical,Rg,18.848171317562002,21.459261203241464,2.611089885679462
1562477562,rotate_90,Tg,47.59928612556465,10.259107010993764,37.34017911457089
1562477562,rotate_90,Density,0.8762278285532945,0.8497064141622752,0.026521414391019293
1562477562,rotate_90,FFV,0.4063156432542264,0.4130102679002814,0.00669462464605497
1562477562,rotate_90,Tc,0.2958536251936646,0.331363028368054,0.03550940317438939
1562477562,rotate_90,Rg,15.230531581314349,15.987551756031655,0.7570201747173062
1562477562,rotate_180,Tg,47.59928612556465,27.962188832823678,19.637097292740975
1562477562,rotate_180,Density,0.8762278285532945,0.8420758294026843,0.03415199915061018
1562477562,rotate_180,FFV,0.4063156432542264,0.40383450545609634,0.002481137798130084
1562477562,rotate_180,Tc,0.2958536251936646,0.33149322125396913,0.035639596060304535
1562477562,rotate_180,Rg,15.230531581314349,15.806991107938225,0.5764595266238768
1562477562,rotate_270,Tg,47.59928612556465,15.45294469613913,32.14634142942552
1562477562,rotate_270,Density,0.8762278285532945,0.8430552622309303,0.033172566322364205
1562477562,rotate_270,FFV,0.4063156432542264,0.4061653767866706,0.0001502664675558374
1562477562,rotate_270,Tc,0.2958536251936646,0.3390153842844722,0.043161759090807605
1562477562,rotate_270,Rg,15.230531581314349,16.570894530707307,1.3403629493929579
1562477562,flip_horizontal,Tg,47.59928612556465,51.91555566068807,4.316269535123418
1562477562,flip_horizontal,Density,0.8762278285532945,0.8671530775644516,0.009074750988842917
1562477562,flip_horizontal,FFV,0.4063156432542264,0.403001728044153,0.0033139152100734037
1562477562,flip_horizontal,Tc,0.2958536251936646,0.2955763887331416,0.00027723646052296713
1562477562,flip_horizontal,Rg,15.230531581314349,14.702576479271954,0.5279551020423945
1562477562,flip_vertical,Tg,47.59928612556465,31.07941222749639,16.519873898068262
1562477562,flip_vertical,Density,0.8762278285532945,0.8455616501780184,0.030666178375276076
1562477562,flip_vertical,FFV,0.4063156432542264,0.4049092643871752,0.0014063788670511945
1562477562,flip_vertical,Tc,0.2958536251936646,0.3253984998203619,0.029544874626697304
1562477562,flip_vertical,Rg,15.230531581314349,16.024779111538145,0.7942475302237959
226759816,rotate_90,Tg,126.87171442505993,145.74907403712993,18.877359612069995
226759816,rotate_90,Density,0.7680980124312514,0.857033511107636,0.08893549867638462
226759816,rotate_90,FFV,0.3589180570737127,0.3647953575766311,0.005877300502918403
226759816,rotate_90,Tc,0.24751822515931948,0.28728124324636506,0.039763018087045576
226759816,rotate_90,Rg,8.952024679317795,16.474900211552175,7.52287553223438
226759816,rotate_180,Tg,126.87171442505993,127.59597101842414,0.7242565933642027
226759816,rotate_180,Density,0.7680980124312514,0.724714565528191,0.043383446903060396
226759816,rotate_180,FFV,0.3589180570737127,0.35382759597141983,0.005090461102292887
226759816,rotate_180,Tc,0.24751822515931948,0.27501616368194376,0.027497938522624277
226759816,rotate_180,Rg,8.952024679317795,10.064635600252789,1.1126109209349941
226759816,rotate_270,Tg,126.87171442505993,129.10065711008025,2.2289426850203142
226759816,rotate_270,Density,0.7680980124312514,0.8218007231185591,0.0537027106873077
226759816,rotate_270,FFV,0.3589180570737127,0.36928626431550293,0.010368207241790217
226759816,rotate_270,Tc,0.24751822515931948,0.2959633648016392,0.04844513964231972
226759816,rotate_270,Rg,8.952024679317795,17.595816401662056,8.643791722344261
226759816,flip_horizontal,Tg,126.87171442505993,123.01648416576275,3.855230259297187
226759816,flip_horizontal,Density,0.7680980124312514,0.7850642070712692,0.016966194640017807
226759816,flip_horizontal,FFV,0.3589180570737127,0.36022721248231315,0.0013091554086004376
226759816,flip_horizontal,Tc,0.24751822515931948,0.25127889336906395,0.0037606682097444666
226759816,flip_horizontal,Rg,8.952024679317795,10.159198775800403,1.2071740964826088
226759816,flip_vertical,Tg,126.87171442505993,118.78034965512165,8.09136476993828
226759816,flip_vertical,Density,0.7680980124312514,0.7608854460049616,0.007212566426289868
226759816,flip_vertical,FFV,0.3589180570737127,0.35363087991810105,0.0052871771556116665
226759816,flip_vertical,Tc,0.24751822515931948,0.26317652715006556,0.015658301990746082
226759816,flip_vertical,Rg,8.952024679317795,9.870035001429207,0.918010322111412
1836445960,rotate_90,Tg,126.64856361116347,108.81566083559429,17.83290277556918
1836445960,rotate_90,Density,0.9222888271639611,0.8263311586065469,0.09595766855741417
1836445960,rotate_90,FFV,0.37644892169850996,0.37651518706697523,6.626536846526809e-05
1836445960,rotate_90,Tc,0.2553878549967043,0.2889288212431298,0.033540966246425497
1836445960,rotate_90,Rg,15.818997196556776,16.49711831662201,0.6781211200652351
1836445960,rotate_180,Tg,126.64856361116347,123.1883504044035,3.460213206759974
1836445960,rotate_180,Density,0.9222888271639611,0.8618512547091383,0.06043757245482284
1836445960,rotate_180,FFV,0.37644892169850996,0.3726773151222834,0.0037716065762265494
1836445960,rotate_180,Tc,0.2553878549967043,0.2715081072100028,0.01612025221329849
1836445960,rotate_180,Rg,15.818997196556776,16.275212743020496,0.45621554646372076
1836445960,rotate_270,Tg,126.64856361116347,120.64630407962382,6.00225953153965
1836445960,rotate_270,Density,0.9222888271639611,0.8988602321379382,0.023428595026022903
1836445960,rotate_270,FFV,0.37644892169850996,0.37788881584687084,0.0014398941483608763
1836445960,rotate_270,Tc,0.2553878549967043,0.2904775861922508,0.03508973119554648
1836445960,rotate_270,Rg,15.818997196556776,17.520686856995276,1.7016896604385003
1836445960,flip_horizontal,Tg,126.64856361116347,115.35432462759975,11.294238983563716
1836445960,flip_horizontal,Density,0.9222888271639611,0.8877641932648863,0.034524633899074786
1836445960,flip_horizontal,FFV,0.37644892169850996,0.3779650445110178,0.0015161228125078474
1836445960,flip_horizontal,Tc,0.2553878549967043,0.26132764220341814,0.005939787206713842
1836445960,flip_horizontal,Rg,15.818997196556776,15.533088298850867,0.28590889770590877
1836445960,flip_vertical,Tg,126.64856361116347,127.9270265394841,1.2784629283206357
1836445960,flip_vertical,Density,0.9222888271639611,0.891048255488812,0.031240571675149154
1836445960,flip_vertical,FFV,0.37644892169850996,0.37493840485548385,0.0015105168430261107
1836445960,flip_vertical,Tc,0.2553878549967043,0.27275303003326407,0.017365175036559766
1836445960,flip_vertical,Rg,15.818997196556776,16.866109372666585,1.0471121761098097
